food_id,chicken_breast,beef,pork,salmon,tuna,eggs,rice,pasta,bread,potato,sweet_potato,broccoli,spinach,tomato,carrot,onion,cheese,milk,butter,olive_oil,sugar,flour,oats,banana,apple,avocado,nuts,beans,lentils,yogurt,total_calories,total_weight
0,0,0,0,0,0,0,0,0,189,0,0,0,0,0,0,34,0,194,0,0,0,0,0,0,70,0,0,0,0,127,732.8548803103779,614
1,0,0,0,0,0,0,0,0,0,0,0,0,0,0,0,165,0,0,0,63,0,0,0,0,0,0,181,0,0,33,1745.0023302187963,442
2,0,60,0,47,154,91,0,0,0,0,0,0,0,0,0,0,0,0,0,0,0,0,0,0,0,0,31,0,0,0,775.468257621547,383
3,0,162,0,0,0,190,0,0,0,0,0,0,0,0,0,0,48,0,0,0,0,0,0,0,0,0,55,32,179,0,1472.733410233362,666
4,0,0,0,0,0,0,0,191,0,0,0,0,0,171,0,0,0,0,0,0,0,0,0,78,0,0,137,0,0,0,1185.0132280094963,577
5,0,0,0,87,0,0,0,142,164,57,0,0,43,0,0,0,0,0,0,0,0,0,0,0,0,0,0,0,0,0,840.7748307901325,493
6,0,0,0,0,197,0,0,0,0,170,0,178,0,0,0,0,0,0,0,0,61,0,0,0,0,0,0,0,118,26,850.1886061091866,750
7,0,0,0,0,0,0,118,0,0,0,0,0,0,0,0,0,0,0,0,0,0,172,0,0,0,0,0,0,0,0,784.7444816133469,290
8,0,0,0,0,46,0,0,0,0,46,0,0,0,0,0,0,40,0,0,0,0,0,49,0,0,0,116,47,0,0,1219.8612058212386,344
9,0,73,0,0,0,0,0,0,0,77,0,0,0,0,0,0,0,86,0,123,0,0,193,0,0,0,0,0,0,0,2119.9433995146483,552
10,0,0,0,0,0,161,0,0,0,0,0,0,134,162,0,0,0,0,0,0,0,0,0,0,0,0,0,0,0,0,301.8017478546243,457
11,0,143,0,0,0,0,0,0,0,0,0,0,0,0,0,125,0,0,0,0,0,0,0,177,0,0,0,0,0,166,660.6018139326,611
12,0,0,0,0,0,0,0,0,0,173,0,0,0,0,0,0,163,0,0,0,0,0,0,0,0,0,0,0,0,0,781.6699566588206,336
13,0,0,0,0,0,0,0,0,147,0,0,0,0,0,179,0,0,0,0,0,0,0,0,0,0,0,0,0,0,0,460.3059415513273,326
14,0,0,0,109,0,181,0,0,0,0,0,0,0,0,0,134,0,0,0,0,124,0,0,0,0,0,0,0,0,0,1060.2628008573574,548
15,0,0,0,0,0,0,0,0,0,0,0,132,0,0,81,0,0,0,103,0,0,0,0,0,0,0,0,0,0,0,816.19914862627,316
16,0,0,0,0,0,0,0,186,0,0,0,0,0,0,0,0,0,0,0,0,0,0,0,0,0,0,0,0,161,0,409.51982251369714,347
17,90,0,0,64,0,0,0,0,0,0,0,0,0,0,0,0,0,0,0,151,0,55,0,0,0,0,89,178,0,0,2600.6543151656674,627
18,0,0,0,192,0,0,0,0,0,0,0,0,0,0,80,0,66,0,0,0,0,0,0,0,0,168,0,0,0,0,964.5992921079446,506
19,0,0,0,0,0,0,0,0,0,0,0,0,0,0,0,0,0,0,0,0,0,174,0,164,0,0,0,180,0,176,1114.6117532464966,694
20,0,0,0,118,0,0,148,0,0,0,0,168,0,0,0,74,0,0,0,25,0,0,0,0,0,0,0,0,0,114,816.0153757886872,647
21,0,0,73,0,0,152,0,0,0,0,0,0,0,0,0,76,0,0,0,0,0,164,0,0,131,0,0,0,66,0,1186.2327806184935,662
22,0,0,0,0,0,0,0,0,0,0,0,36,0,0,0,103,88,0,0,0,0,0,0,0,0,53,25,0,72,0,715.7894509384425,377
23,41,0,0,0,0,168,0,0,0,0,0,0,0,0,0,0,89,0,0,0,20,0,0,0,0,0,0,0,0,0,757.2074379711781,318
24,0,0,0,0,149,0,128,0,0,0,0,0,0,0,0,0,0,173,33,0,0,0,0,0,0,0,0,75,134,0,928.8055696305577,692
25,0,0,0,0,0,0,0,130,0,0,0,0,0,0,0,53,0,0,0,0,130,0,0,0,0,0,27,0,0,0,861.6025015454354,340
26,0,0,0,0,0,0,0,0,0,0,0,0,0,0,0,0,0,0,0,0,0,0,85,0,0,0,0,0,94,0,442.06324384759745,179
27,0,0,0,0,0,0,0,0,0,0,0,0,0,0,0,0,0,0,0,145,0,0,0,0,0,0,0,0,158,0,1467.8157740313861,303
28,0,0,0,0,0,0,0,0,0,0,0,0,0,0,197,97,0,0,0,0,136,0,0,0,139,0,0,0,156,0,894.0459404510626,725
29,0,0,0,0,0,0,0,0,0,0,0,0,0,0,82,0,162,0,0,0,0,0,0,0,0,0,0,0,0,0,672.4415948329447,244
30,0,0,0,0,116,0,0,0,0,0,0,0,174,0,0,0,0,0,0,0,0,0,0,0,0,0,0,0,0,0,208.23771312459624,290
31,0,0,0,0,0,0,0,0,93,0,0,0,0,0,0,0,0,0,0,0,0,0,0,0,0,0,123,57,153,0,1246.9503448004693,426
32,0,0,59,0,0,0,0,0,0,0,0,0,0,0,0,0,0,0,0,60,0,0,0,30,0,0,0,0,0,0,689.9839517974142,149
33,0,0,0,0,0,181,110,0,0,0,36,147,190,0,0,0,0,0,0,0,127,0,0,0,0,0,0,0,0,0,1038.4221307990035,791
34,0,142,81,0,0,0,0,0,0,51,0,177,0,0,0,0,0,0,0,0,0,0,0,0,0,0,0,0,0,0,676.1692683969032,451
35,0,0,0,0,84,0,0,0,0,0,0,0,0,0,0,0,0,0,0,0,76,0,0,0,0,0,0,0,86,0,493.68895545399977,246
36,0,0,0,0,0,0,0,0,0,0,0,0,104,0,0,0,0,166,0,0,131,0,0,0,0,0,0,144,0,0,786.7931906824261,545
37,0,0,0,0,0,0,133,134,0,0,0,0,0,0,0,0,0,0,0,0,33,0,0,0,0,0,0,0,0,0,484.85009907564074,300
38,0,0,106,0,0,0,0,0,0,0,0,136,0,0,0,0,0,0,0,0,0,0,0,0,0,0,0,0,0,0,318.96533445165875,242
39,0,0,0,0,0,0,0,0,55,0,0,167,0,0,0,0,0,0,0,0,0,0,0,0,0,0,0,0,0,0,218.2349463526114,222
40,0,0,0,121,0,117,0,0,0,0,0,0,0,31,0,38,0,0,0,0,0,0,0,0,0,0,0,0,0,0,463.66722716823557,307
41,0,0,0,105,0,0,0,0,0,0,0,0,0,0,0,0,0,0,0,0,0,0,0,154,0,0,0,0,0,0,349.5153545186178,259
42,0,0,0,172,0,160,0,0,0,0,0,0,0,0,180,0,35,0,0,0,0,0,0,0,0,0,189,0,127,0,2115.632839892754,863
43,0,0,0,0,0,0,0,0,92,0,0,0,0,0,0,0,0,0,162,0,0,0,68,0,0,0,0,0,0,140,1763.1148037506532,462
44,0,0,0,0,0,0,0,0,0,25,0,0,0,0,0,24,0,24,0,0,0,73,0,0,0,0,0,0,0,66,344.5554526353878,212
45,95,0,0,0,0,0,189,0,0,0,0,0,0,0,0,0,0,0,28,59,0,0,0,0,0,0,0,44,0,0,1165.6516308867647,415
46,0,0,0,166,0,0,99,0,187,0,0,0,0,111,0,0,0,0,0,116,0,0,0,0,0,78,0,0,0,0,2143.8061759314037,757
47,123,0,0,0,0,0,0,0,117,0,0,107,0,0,0,0,0,128,0,0,0,0,0,0,0,0,0,0,0,0,610.2900701380114,475
48,0,0,0,0,0,0,0,194,0,0,0,0,0,0,0,0,48,0,0,0,0,183,0,0,199,0,0,0,0,0,1232.3552402923435,624
49,0,0,0,0,0,0,0,120,0,103,0,0,0,0,0,0,0,0,0,0,0,0,0,25,0,0,0,0,0,0,258.1024973892701,248
50,0,0,0,112,0,0,0,0,0,191,0,0,200,0,0,0,0,0,43,0,0,0,0,0,0,0,0,0,0,0,736.3052116970147,546
51,0,0,0,0,0,0,0,0,0,0,0,0,0,0,60,0,0,0,0,0,0,0,0,0,0,0,0,164,0,0,239.97003757588513,224
52,0,0,125,0,138,0,0,0,0,0,0,191,0,0,0,0,0,0,0,0,0,0,0,0,0,0,0,68,123,0,792.6335543658599,645
53,0,0,0,0,0,0,0,0,0,0,0,0,0,0,0,0,0,0,0,0,0,141,0,0,166,0,0,0,0,0,608.8063368291276,307
54,0,0,0,127,0,0,0,0,0,0,0,0,0,0,145,0,0,0,0,0,0,0,0,0,0,0,39,0,171,69,801.6545181855998,551
55,0,0,0,0,0,0,0,0,138,0,56,0,0,0,0,88,0,185,0,0,0,0,0,0,0,0,0,0,60,0,606.8309830261215,527
56,0,0,0,0,0,0,0,0,0,99,0,0,0,0,0,112,0,0,29,0,95,0,0,0,0,0,0,113,0,0,838.485326632978,448
57,0,0,20,0,0,0,138,0,0,54,0,0,0,78,0,0,0,0,0,0,0,0,0,0,0,0,0,0,0,0,271.9682257596462,290
58,0,0,148,0,27,0,0,0,176,0,0,0,115,0,0,0,0,0,0,0,0,0,0,0,121,0,0,0,0,24,962.7015583686393,611
59,0,0,96,0,0,0,0,0,0,0,0,0,178,0,0,0,0,0,0,0,87,0,0,0,0,0,0,0,0,0,609.6820565336434,361
60,0,0,0,0,0,0,0,0,0,0,0,180,0,0,0,0,68,0,0,0,0,54,0,0,0,0,0,0,0,0,547.5401516013637,302
61,0,0,0,0,0,0,0,0,0,99,0,0,0,0,0,0,0,0,0,0,0,0,0,0,66,0,0,136,0,0,293.36817089342634,301
62,113,0,0,0,0,0,0,0,26,114,0,0,0,0,0,0,127,0,0,0,0,93,0,0,0,0,0,0,0,0,1186.7867781686252,473
63,0,0,91,0,0,0,0,0,0,0,0,0,0,0,0,171,0,0,0,0,0,0,0,0,0,0,0,0,0,0,293.75540708163516,262
64,0,0,0,0,0,179,0,0,0,0,0,0,0,0,0,0,30,0,0,0,0,0,0,0,0,0,0,0,0,0,392.4750821499216,209
65,155,0,0,0,0,0,0,0,0,0,0,0,116,0,142,89,0,0,0,188,0,0,0,0,0,0,0,32,0,0,2065.1119702042092,722
66,0,0,0,0,0,0,0,0,0,50,0,0,0,0,0,0,0,0,0,0,0,0,0,0,0,0,66,0,0,0,440.8136082403608,116
67,0,0,0,0,0,0,0,0,0,0,161,0,0,0,0,0,0,0,0,0,0,55,0,0,0,0,0,0,0,0,324.52285503095015,216
68,0,0,0,0,0,0,0,0,0,177,0,0,0,0,0,0,0,0,0,0,0,0,0,0,0,0,0,0,0,153,222.94614232818162,330
69,0,0,0,0,0,0,0,0,0,0,0,44,0,0,0,0,0,0,0,0,0,98,0,0,0,0,0,0,0,0,367.17898866309775,142
70,0,0,0,134,0,0,0,0,0,0,0,0,0,0,0,26,0,0,0,0,0,0,99,163,0,0,0,0,116,0,955.4657398104986,538
71,186,0,0,0,0,0,0,0,0,0,0,0,0,0,0,0,0,0,0,0,0,0,0,0,152,0,0,0,0,0,385.97046020153414,338
72,199,0,0,0,0,0,0,0,0,0,0,0,0,0,176,0,0,0,0,0,0,0,0,0,0,0,0,0,0,0,415.2217032749361,375
73,0,0,120,0,27,0,0,0,0,0,0,96,106,0,62,0,0,0,0,0,0,0,0,0,148,0,0,0,0,0,483.3467632284813,559
74,123,0,0,0,0,0,0,0,172,0,0,0,0,0,0,0,0,92,0,0,0,0,197,0,0,68,55,0,0,0,1919.6519414184904,707
75,0,0,0,0,41,0,0,0,0,0,0,0,0,0,0,0,177,0,0,0,0,0,0,0,0,0,0,0,0,0,771.2223000940065,218
76,0,21,0,48,0,0,0,0,0,199,0,0,0,0,0,0,0,46,0,69,0,0,0,0,0,0,0,0,0,0,935.1547885026566,383
77,0,0,0,0,0,168,0,0,147,0,0,0,0,0,0,0,0,0,0,0,65,0,0,0,0,0,0,174,0,85,1157.7106385352863,639
78,173,0,0,0,0,0,0,0,0,0,0,0,0,0,0,0,0,0,0,0,56,0,0,0,0,0,0,0,0,0,498.2301863669758,229
79,132,0,0,0,0,0,0,0,165,0,82,135,0,0,0,0,0,0,132,0,0,66,0,0,0,0,0,0,0,0,1954.0317384568107,712
80,0,0,132,0,0,0,0,113,0,0,0,0,0,0,0,0,0,0,0,0,0,0,0,0,0,137,100,0,0,0,1287.8358764413188,482
81,0,154,0,0,0,0,0,0,0,0,182,0,0,33,0,0,0,0,139,0,0,0,0,0,0,157,0,99,0,0,1908.010982434859,764
82,0,0,184,0,0,0,0,0,0,77,0,0,0,0,0,0,40,0,0,0,0,0,0,0,0,0,0,0,0,0,673.3126467962182,301
83,0,0,117,0,0,0,0,0,0,0,0,0,0,0,0,0,0,0,0,0,0,0,0,0,0,84,0,0,0,93,459.86710576830745,294
84,0,0,0,129,0,0,0,0,135,0,0,0,0,162,0,0,139,0,0,0,0,0,98,0,0,0,0,0,0,135,1671.275265957954,798
85,0,0,0,0,0,0,0,0,0,0,0,0,104,91,0,0,0,0,0,0,0,0,0,0,0,0,0,0,0,0,45.414155009299535,195
86,0,0,0,0,0,0,0,0,0,0,0,0,0,0,0,0,0,0,23,0,0,0,0,0,129,0,0,0,0,0,232.2321945667276,152
87,0,0,0,0,0,0,0,0,0,0,0,0,0,194,0,0,127,0,0,0,0,0,0,0,0,0,0,0,0,0,559.5822055541544,321
88,0,0,0,0,0,0,0,144,0,0,0,0,35,0,0,0,181,0,0,0,0,0,85,0,0,0,0,187,0,0,1497.1455916935292,632
89,0,0,0,0,0,0,0,0,0,0,0,0,65,0,0,0,57,0,0,0,0,0,0,0,0,0,0,0,0,0,234.02439008912094,122
90,0,80,0,0,183,0,0,0,0,0,0,0,0,0,0,0,0,0,0,0,0,0,187,0,49,0,0,0,0,28,1210.7958039411226,527
91,0,0,0,0,0,180,0,0,0,156,0,0,0,0,0,0,0,0,0,0,0,0,0,0,0,0,0,0,0,0,396.08820217165726,336
92,0,0,0,0,0,0,74,0,0,0,0,0,0,0,0,111,0,0,0,0,0,0,0,0,0,47,23,169,0,0,561.080011931855,424
93,0,68,0,0,0,0,65,0,0,0,0,0,0,0,132,0,0,0,155,0,0,0,0,0,0,0,0,0,0,0,1410.6611880580658,420
94,0,96,0,146,0,65,0,0,0,0,0,0,0,64,0,0,0,0,0,0,0,0,0,0,0,0,0,0,0,0,642.1729922688315,371
95,0,0,187,0,0,103,0,0,132,0,0,0,0,0,0,0,0,0,0,95,0,0,0,0,0,0,0,141,0,0,1962.2800795837559,658
96,31,0,0,0,0,0,0,182,0,0,0,0,0,0,0,0,0,0,0,0,0,0,84,0,0,0,0,0,0,74,654.5027509225903,371
97,76,0,0,0,0,0,0,0,0,0,0,0,0,137,119,143,0,0,0,0,0,0,0,0,0,0,180,0,171,0,1547.938449011411,826
98,0,0,0,0,0,0,0,0,151,0,0,0,132,0,0,0,128,0,0,0,0,0,0,0,0,0,0,0,0,0,945.3495145524446,411
99,0,0,0,0,0,0,0,145,164,0,0,0,128,0,0,0,0,0,0,41,0,0,0,0,87,0,0,88,0,0,1177.6118707846776,653
100,0,0,0,0,0,117,0,158,0,0,0,0,0,0,0,0,0,198,0,36,0,0,0,0,118,0,0,0,0,101,921.6895963499858,728
101,0,0,134,0,0,0,0,0,0,166,0,0,0,0,0,0,0,173,0,0,0,0,0,0,0,0,0,0,0,0,544.343474542206,473
102,0,0,0,0,0,0,0,132,115,91,0,0,0,0,0,0,0,0,0,0,0,0,0,166,0,0,0,0,0,82,742.5074567460631,586
103,20,0,0,162,56,160,155,0,0,0,0,0,0,0,0,0,0,0,0,152,0,0,0,0,0,0,0,0,0,0,2247.095665601833,705
104,0,0,0,0,85,0,32,0,0,130,0,0,0,0,0,0,178,0,53,0,0,0,0,0,0,0,0,0,0,0,1358.1991918677077,478
105,0,0,49,0,0,0,0,0,0,0,0,0,0,0,0,0,0,0,0,0,0,0,23,0,78,27,0,0,0,0,285.51094745281586,177
106,0,0,0,0,0,0,0,0,0,126,0,0,166,0,0,0,0,0,156,0,0,0,0,0,0,0,0,0,0,0,1248.9577912645534,448
107,0,40,0,0,0,0,0,0,103,0,0,0,0,0,0,0,0,0,0,0,0,159,56,61,0,0,0,0,0,0,1232.5838918071272,419
108,0,0,0,0,0,0,0,0,0,0,192,0,0,0,0,0,181,0,0,0,0,0,0,0,0,0,0,0,0,0,899.4688621631745,373
109,0,0,0,0,0,0,182,0,0,0,0,0,0,0,172,150,0,0,0,130,0,0,0,0,0,0,0,0,0,121,1586.0658355953865,755
110,0,0,26,0,0,0,0,0,0,0,0,0,0,0,0,0,0,76,0,0,0,0,0,0,0,0,0,0,0,0,104.72669169358002,102
111,0,0,0,0,0,51,0,0,0,0,0,0,0,0,0,47,0,41,0,0,0,0,0,0,0,0,36,0,78,0,410.55554235108036,253
112,0,193,0,0,45,0,0,0,0,0,0,0,0,0,0,0,0,0,0,0,0,0,0,0,0,0,0,0,133,0,685.2891988385219,371
113,0,0,0,89,0,0,0,0,188,0,0,35,0,0,0,0,0,0,0,0,0,0,0,0,0,0,0,0,0,0,693.6617852567089,312
114,0,0,0,0,0,0,0,0,113,84,0,0,0,190,0,0,58,0,0,0,0,0,0,0,0,0,0,0,100,0,749.8115594974204,545
115,0,0,0,0,0,0,108,0,0,0,0,0,112,0,0,0,90,86,0,167,0,0,0,0,0,0,0,0,136,0,2186.088673979833,699
116,0,0,0,0,0,188,0,0,0,0,87,0,0,0,0,0,0,0,0,0,0,158,0,0,0,0,0,0,0,75,991.0823079650164,508
117,0,0,0,0,0,0,0,0,0,0,184,0,0,0,0,148,0,0,0,0,0,130,0,0,0,0,0,0,0,0,716.9822204364996,462
118,198,0,0,0,0,0,0,0,0,0,0,0,0,0,0,0,0,0,0,0,0,105,66,0,0,0,0,0,0,95,1028.483732829565,464
119,0,0,0,0,0,0,0,0,0,28,0,0,0,0,0,0,0,0,0,0,0,0,0,0,0,0,0,158,0,0,210.73205964841344,186
120,0,0,181,0,0,0,0,0,0,0,0,0,0,0,0,0,0,188,0,0,0,0,0,0,0,92,0,0,0,0,651.1888335569894,461
121,0,0,0,0,0,0,102,0,153,140,0,0,0,0,0,0,0,0,0,0,0,0,196,0,0,187,0,0,0,0,1695.2678819132707,778
122,0,0,0,0,0,0,0,0,0,0,0,0,0,0,138,0,133,35,0,0,0,0,102,0,0,0,0,0,0,0,989.2651516374779,408
123,0,0,0,0,0,0,0,33,0,166,0,0,147,0,0,73,0,0,0,0,0,0,0,167,0,0,0,0,0,0,389.51059508576793,586
124,0,0,0,41,0,0,0,0,0,0,0,0,173,0,0,0,0,0,0,0,190,0,58,0,0,176,0,0,39,0,1407.363199154127,677
125,0,0,0,0,78,0,169,198,0,0,0,0,0,67,0,0,0,0,0,0,0,0,0,0,0,0,0,0,168,0,786.2634488967394,680
126,0,0,0,0,104,0,0,146,0,0,0,172,0,0,0,0,0,0,0,0,0,0,0,0,0,0,0,0,175,0,592.628890646821,597
127,0,0,0,0,0,180,0,0,0,0,0,94,0,35,0,0,0,0,0,0,0,0,0,0,0,0,0,0,101,0,437.391273521194,410
128,0,0,0,0,101,0,0,0,0,0,0,75,0,0,0,0,0,0,0,0,0,0,104,0,0,0,0,0,0,0,573.3732971123975,280
129,0,0,0,0,0,0,0,0,57,104,0,0,0,176,0,0,0,0,0,0,0,0,152,0,0,0,0,0,0,0,851.7192300911441,489
130,0,0,0,0,0,74,0,0,0,0,0,0,0,0,0,0,0,0,0,0,0,65,0,0,0,0,0,0,0,0,339.8446178200108,139
131,0,131,0,0,0,0,0,170,0,0,64,0,0,0,0,0,0,0,0,0,0,0,0,0,0,0,0,0,0,0,591.6062737527884,365
132,0,0,0,0,0,0,0,0,0,0,0,0,0,0,0,0,0,0,0,175,0,0,0,0,0,0,0,171,0,0,1774.3838329542941,346
133,0,0,0,77,0,68,0,0,0,0,0,0,0,0,0,0,0,0,0,0,0,0,0,0,0,0,0,0,0,0,286.4444277286992,145
134,0,0,0,49,76,0,0,165,0,0,0,0,198,0,0,0,0,0,0,0,0,147,0,67,0,0,0,0,0,0,1045.2584093137689,702
135,0,0,0,0,67,0,0,0,172,0,0,0,0,0,0,0,0,0,183,0,0,0,0,0,0,155,0,0,77,0,2192.7980135123685,654
136,32,30,0,0,0,0,0,73,0,0,35,0,0,27,123,0,0,0,0,0,0,0,0,0,0,0,0,0,0,0,297.9236696265761,320
137,0,0,0,0,0,0,0,174,0,0,0,0,119,0,0,0,0,0,0,0,0,154,0,0,0,0,0,41,0,0,860.0923809187229,488
138,0,0,0,0,0,0,0,0,0,176,123,0,0,0,0,0,0,0,0,0,0,0,0,0,0,0,0,0,0,96,301.29058029084115,395
139,0,178,0,0,0,0,171,133,0,0,0,0,0,0,0,0,0,196,0,0,0,0,0,0,0,0,0,0,0,0,927.0115595718277,678
140,152,0,0,0,0,0,0,0,0,0,0,70,0,0,0,0,0,0,0,0,0,0,0,168,0,0,0,0,31,69,511.97457644847873,490
141,0,193,0,0,0,0,0,161,0,0,0,0,197,0,0,0,167,0,197,0,0,0,0,0,0,0,0,0,0,0,2828.0431564455826,915
142,0,0,0,0,0,0,0,0,147,0,0,0,0,0,0,103,0,0,0,0,0,0,0,0,0,0,0,0,0,0,419.4438466506247,250
143,176,166,0,0,0,30,0,0,0,0,0,117,0,0,0,0,0,197,0,0,0,90,0,0,0,0,0,0,0,0,1208.2471122390027,776
144,55,0,0,0,0,0,0,0,0,0,0,0,0,120,0,0,0,0,45,0,0,0,0,0,105,0,0,0,0,23,499.0400217785657,348
145,0,0,0,187,0,0,0,0,0,0,0,0,164,0,0,0,0,0,0,0,162,0,0,0,0,0,0,0,0,0,1044.3530169115268,513
146,0,0,0,0,160,0,0,0,0,0,128,0,0,0,0,0,0,0,100,0,0,0,0,0,0,0,0,0,0,0,1038.709322452144,388
147,0,0,0,0,95,0,0,0,196,78,0,0,0,0,50,0,0,112,0,0,0,0,0,0,0,0,0,0,0,88,837.7667612010212,619
148,0,0,0,0,0,0,0,0,0,0,32,0,0,186,175,0,0,0,0,0,0,0,0,0,0,0,0,0,35,138,227.29495157274764,566
149,0,117,0,0,0,0,0,0,0,0,0,0,0,0,0,0,0,0,0,0,0,0,0,28,0,0,0,0,0,0,312.4226982384837,145
150,0,73,196,134,0,0,0,0,0,0,0,0,0,0,0,0,0,0,0,0,0,0,158,0,0,0,0,0,107,0,1679.3340427343096,668
151,0,0,123,0,0,0,0,47,0,0,0,0,0,0,0,0,0,148,0,0,0,189,0,0,0,67,0,0,0,0,1218.5084524701067,574
152,0,0,0,0,0,0,46,0,0,0,0,0,0,0,0,0,0,0,132,0,0,0,0,0,0,0,0,0,0,0,996.7508347917517,178
153,0,0,0,0,0,0,131,0,0,0,127,0,0,0,0,0,0,0,66,0,0,0,0,0,0,0,0,0,0,0,770.2136319791556,324
154,21,123,0,70,0,0,0,0,49,0,0,0,0,0,0,0,0,0,30,0,0,0,0,0,0,0,0,0,0,0,823.1808153997777,293
155,0,0,0,36,0,0,0,0,0,0,0,0,0,0,0,0,0,0,36,0,0,0,109,0,0,0,0,0,0,0,757.7848051851886,181
156,0,0,0,39,0,0,153,0,78,165,0,151,0,0,0,0,0,0,0,0,0,0,0,0,0,0,0,36,0,0,703.6258514319617,622
157,0,0,0,0,0,0,0,0,163,0,0,0,151,192,0,0,0,0,0,0,0,0,0,109,0,0,0,0,0,0,590.6271749200268,615
158,117,0,0,190,0,0,0,0,0,0,0,0,0,0,0,0,0,0,0,145,0,0,192,0,170,0,0,0,0,0,2706.8487760961393,814
159,0,54,0,0,0,0,0,0,0,0,0,0,0,0,0,0,0,0,41,0,0,169,0,0,0,0,0,0,0,0,1056.6781194346918,264
160,0,0,0,0,0,77,0,0,0,0,0,0,0,0,113,138,0,0,0,0,0,0,0,146,0,0,0,0,0,0,339.49330948123105,474
161,0,0,0,0,0,0,0,149,78,0,0,0,0,0,0,0,0,0,0,0,0,0,0,174,0,46,0,0,0,0,633.7935576928796,447
162,40,83,0,0,0,0,0,0,184,0,0,0,0,0,0,0,0,0,0,0,0,46,0,0,0,0,0,0,74,0,1012.6605206508872,427
163,0,0,0,0,0,0,0,0,0,24,0,167,0,0,0,0,106,0,0,0,145,0,0,0,0,94,0,0,0,0,1211.2333184121878,536
164,148,0,0,0,0,158,0,138,0,0,0,0,0,104,0,0,0,0,0,0,23,0,0,0,0,0,90,0,0,0,1330.544477291515,661
165,0,0,0,0,61,0,0,0,0,0,0,0,0,0,0,59,96,0,0,0,0,0,0,0,0,0,0,0,0,0,482.79753467941663,216
166,0,0,0,0,0,0,198,0,0,0,0,0,0,0,0,0,0,0,0,0,0,0,0,0,0,0,143,0,0,0,1124.8194791774015,341
167,180,0,192,0,0,0,0,0,0,0,0,0,0,0,0,183,0,0,0,0,0,0,0,0,0,0,0,0,0,0,852.7331308586417,555
168,0,135,0,0,0,0,0,0,0,106,0,0,0,0,0,0,0,0,0,0,0,123,0,142,0,0,0,98,0,0,1123.5195499487813,604
169,0,0,0,0,0,0,0,0,0,0,0,0,0,0,0,130,0,0,148,0,100,0,176,103,0,89,0,0,0,0,2399.825477597431,746
170,0,61,0,0,0,0,0,0,0,109,0,0,0,134,0,0,0,45,0,0,0,0,0,0,170,0,0,62,0,0,455.80414180674484,581
171,0,0,0,0,172,0,0,0,0,0,0,0,0,0,0,0,0,159,0,0,0,0,0,0,0,0,0,173,0,121,577.3808647063336,625
172,48,0,0,0,0,0,0,116,0,0,0,0,0,0,0,0,0,0,0,0,0,183,33,0,0,0,97,0,0,0,1614.4285321092455,477
173,0,0,0,200,0,0,0,181,0,0,0,0,0,0,0,0,0,0,0,0,0,0,0,0,0,0,23,0,0,164,882.2593200700437,568
174,0,0,0,0,0,0,0,0,0,151,0,0,49,0,177,41,0,0,0,0,85,0,0,0,0,0,0,0,0,0,556.4116041172024,503
175,0,136,0,0,0,0,0,0,0,0,0,0,0,0,34,0,0,0,0,21,0,0,0,0,0,0,0,0,0,0,543.9150549994683,191
176,0,0,0,0,0,0,0,189,44,0,0,0,0,0,0,0,0,0,0,104,0,0,0,74,163,0,0,0,0,0,1433.0598112639284,574
177,103,194,0,151,0,0,0,0,0,0,0,0,0,0,0,0,0,0,0,0,0,0,0,0,0,0,198,104,0,0,2304.182546831039,750
178,0,0,0,173,0,0,0,0,0,0,131,0,0,0,0,0,0,0,0,0,0,97,0,0,188,0,0,0,0,0,934.3963169152406,589
179,0,0,0,0,0,0,0,0,0,0,0,0,0,0,0,0,130,0,0,0,0,0,0,0,0,101,0,0,0,0,693.4170348510036,231
180,0,0,0,111,0,0,0,0,0,0,0,0,0,0,0,52,0,0,0,0,166,0,0,0,0,0,0,0,0,0,886.4981926877126,329
181,0,0,0,83,0,0,0,0,106,0,0,0,0,0,0,0,0,0,0,0,0,0,0,0,0,0,0,0,0,0,453.9250698249576,189
182,0,0,0,0,0,0,0,0,0,0,0,0,0,196,0,0,106,0,167,0,0,0,0,0,0,0,120,0,0,0,2377.906283301778,589
183,0,0,0,0,0,0,0,0,0,145,0,0,0,0,0,0,0,0,0,0,0,0,108,0,0,0,0,0,163,0,726.5275707708607,416
184,0,0,50,0,0,0,0,0,0,0,0,0,29,49,0,0,0,0,0,0,0,0,0,0,0,0,0,0,0,0,142.58733567849833,128
185,118,0,0,0,0,0,0,0,0,0,61,160,0,0,0,0,0,0,183,139,0,0,0,0,0,0,0,0,0,0,2859.020955209197,661
186,0,0,118,0,0,101,0,0,0,0,94,0,0,0,0,0,0,137,0,0,0,0,0,0,103,0,0,0,0,88,680.9563072833217,641
187,0,0,0,0,192,0,0,0,0,0,0,0,26,0,0,0,0,0,0,0,0,0,174,0,0,0,0,29,0,0,958.9294007803106,421
188,90,0,0,0,0,0,0,0,0,0,0,0,0,0,0,156,0,0,0,0,0,0,0,0,0,128,0,0,0,0,425.99457481598364,374
189,0,0,0,0,0,0,0,0,0,0,0,0,0,0,0,0,0,0,135,33,131,0,0,0,0,80,0,0,178,0,2109.843153800284,557
190,0,0,0,0,0,0,0,0,0,0,53,0,0,0,0,0,0,0,0,0,0,0,0,0,0,0,98,0,0,0,626.7573106127437,151
191,0,0,0,0,0,0,0,0,88,0,0,88,0,0,0,0,0,0,0,167,0,0,0,0,0,0,0,0,0,0,1726.8670437269675,343
192,0,0,0,0,0,0,0,0,0,0,0,125,0,0,124,0,0,0,0,0,0,89,81,0,0,0,0,0,0,0,744.9184263442747,419
193,0,0,0,0,0,0,0,0,168,0,0,97,28,0,0,0,0,0,0,0,0,0,194,95,0,0,0,0,61,0,1390.1077538369984,643
194,0,0,0,0,57,0,0,0,0,161,0,129,0,0,0,0,0,0,0,0,0,0,0,0,0,0,0,0,41,0,280.7920608230918,388
195,0,0,0,0,0,0,0,0,0,0,0,0,0,0,65,0,0,0,0,0,0,0,0,0,0,0,0,0,97,0,149.07798088352206,162
196,0,0,0,0,0,0,0,149,0,0,0,0,0,0,0,0,0,0,0,0,0,0,74,0,0,0,141,0,0,116,1431.161901387548,480
197,0,0,0,0,116,0,0,0,0,0,0,93,0,134,0,189,0,0,0,70,0,0,0,0,0,0,0,75,0,0,1000.1216616947004,677
198,0,0,149,0,0,0,0,0,0,0,0,0,0,0,0,0,0,0,0,0,0,0,0,115,0,0,0,0,0,0,452.31706468288513,264
199,0,0,0,0,0,0,0,0,0,0,0,0,0,0,127,0,0,0,0,0,0,0,0,28,0,0,0,0,0,0,76.53535023870997,155
200,0,0,0,26,0,65,65,0,0,0,0,0,0,0,0,0,0,0,0,0,0,119,0,0,163,0,0,0,171,0,952.2834281943683,609
201,0,0,0,0,21,0,0,0,0,0,0,0,0,0,0,0,0,0,0,0,0,0,0,0,0,0,0,0,0,161,133.6469764069144,182
202,0,0,0,0,119,0,0,0,0,0,97,0,0,0,0,0,0,35,0,102,181,0,0,0,0,0,0,0,0,0,1857.6132783394264,534
203,36,173,0,0,0,0,0,0,0,0,0,0,0,0,0,0,0,0,0,0,0,0,0,0,168,0,91,168,0,140,1434.924528831411,776
204,0,0,0,0,104,0,0,0,0,0,0,0,0,0,140,0,0,0,151,0,0,0,0,0,0,0,0,0,101,0,1398.0666894856324,496
205,106,0,0,0,0,0,0,0,0,0,0,0,0,0,0,0,154,0,0,0,0,0,0,0,0,0,0,0,0,0,795.8957739619409,260
206,0,0,0,76,0,0,0,0,0,0,0,0,0,115,0,0,0,0,0,0,0,0,0,0,0,0,0,0,0,0,185.95793495123812,191
207,0,0,0,0,0,0,0,0,0,0,0,0,106,0,0,199,0,0,0,0,0,0,0,0,0,0,196,0,0,0,1288.3457812266665,501
208,0,0,109,0,0,123,0,0,0,0,0,0,0,0,0,0,0,0,0,0,142,95,0,0,0,0,0,0,0,0,1352.1648946811279,469
209,104,0,0,0,0,84,0,0,0,0,0,0,0,151,0,0,0,0,0,0,0,0,0,0,0,0,0,0,0,0,332.97649105418964,339
210,0,75,118,0,0,129,0,0,0,0,0,0,0,0,0,0,0,0,0,0,0,0,0,0,0,0,0,0,96,0,778.0910666221671,418
211,0,0,0,0,0,0,0,0,0,0,0,0,117,0,0,183,0,120,0,0,0,0,0,0,0,0,0,0,0,0,121.59167401049793,420
212,0,0,0,0,0,189,0,186,0,0,0,0,0,0,0,0,0,0,0,0,0,0,0,0,0,0,109,68,0,0,1295.6449498544262,552
213,0,0,105,0,133,0,0,0,0,0,0,0,143,0,0,0,0,68,0,95,0,0,0,0,0,0,0,0,0,0,1324.8934759781855,544
214,136,0,0,0,0,87,53,88,0,0,0,0,0,0,0,0,0,74,0,0,0,0,0,0,0,0,0,29,0,0,591.5384954094502,467
215,0,0,0,0,0,0,0,0,0,0,196,55,0,0,141,127,0,0,0,29,0,0,0,0,114,0,0,0,0,0,606.4927109507112,662
216,0,74,0,199,0,0,0,0,0,0,0,0,0,0,0,0,0,0,0,0,0,0,0,0,0,0,0,0,0,0,617.1549146929945,273
217,0,0,0,0,0,0,0,55,0,0,0,0,0,0,0,187,0,192,0,0,0,0,0,0,0,0,0,0,151,0,400.2709924823082,585
218,0,0,0,0,0,128,0,0,0,0,0,0,0,0,0,0,0,0,0,95,0,0,0,0,0,0,0,0,0,0,1029.195707745355,223
219,0,0,0,0,198,0,0,0,54,0,101,0,0,0,0,0,0,0,0,0,0,0,152,0,0,0,0,0,161,177,1379.7110196104313,843
220,0,0,127,0,0,0,0,0,0,0,0,0,0,0,0,0,141,36,0,0,0,0,90,81,0,0,0,0,0,0,1310.674727322918,475
221,0,0,0,0,0,0,0,153,0,0,0,0,0,0,0,0,0,0,0,0,88,0,0,0,0,0,156,0,0,0,1463.9731584826586,397
222,0,96,0,0,0,0,0,0,0,199,0,0,0,85,0,0,0,0,0,71,0,0,0,0,0,0,0,0,0,0,1038.4078736655786,451
223,0,0,0,157,0,0,0,0,0,0,0,0,0,125,0,135,0,0,0,0,181,0,0,0,0,0,0,0,0,0,1101.5503424436947,598
224,0,0,91,0,184,0,0,0,0,0,0,0,0,68,0,0,0,0,0,0,0,0,0,0,0,0,0,0,0,71,525.3095654915944,414
225,0,0,0,0,0,0,0,113,0,0,77,0,174,173,0,0,147,0,0,0,0,0,0,0,0,26,0,0,0,0,911.7754369728328,710
226,0,0,0,0,0,0,0,0,0,0,0,121,0,0,0,0,0,0,0,65,0,0,0,0,85,0,0,0,0,0,673.2438168565807,271
227,0,0,0,0,0,0,0,0,0,0,0,0,0,0,196,0,0,0,0,0,0,150,0,0,0,0,152,0,109,0,1688.6506173835348,607
228,0,0,0,40,0,0,134,0,0,0,0,0,0,0,0,0,0,104,0,0,39,0,0,0,0,0,0,0,27,0,481.2049863530883,344
229,0,0,0,0,0,0,0,0,0,0,0,0,0,0,0,0,0,0,0,0,0,0,0,68,0,0,190,0,0,0,1225.6094839923667,258
230,0,0,0,0,0,0,0,0,0,0,0,169,0,0,56,0,0,167,0,0,122,0,0,0,0,0,0,0,43,0,681.5661783959865,557
231,0,0,0,0,134,0,0,0,0,0,0,0,0,0,0,0,0,0,0,0,0,0,0,0,0,0,0,87,0,0,273.6863690794598,221
232,0,0,0,0,0,0,0,0,0,0,0,0,0,0,0,51,47,0,0,0,0,0,0,0,0,96,0,20,0,0,380.59753886442974,214
233,0,0,58,0,0,0,48,73,0,0,0,0,0,109,0,0,0,0,0,0,0,0,0,104,0,0,0,0,0,0,410.01155099177225,392
234,0,0,0,0,0,33,0,0,0,0,0,0,0,0,31,0,0,0,0,0,0,0,0,0,0,0,0,0,0,0,74.55144263935914,64
235,0,0,0,0,0,0,133,0,0,0,0,0,0,0,0,0,0,0,0,0,0,0,81,0,0,0,125,0,0,0,1239.0056250813234,339
236,0,0,0,0,0,0,49,0,0,0,156,0,0,0,173,0,0,0,0,0,0,149,0,0,81,0,0,0,22,0,867.0203788723004,630
237,76,0,0,145,0,171,0,0,0,0,72,0,0,0,0,0,0,0,0,0,0,0,0,0,0,0,0,62,0,68,891.0354390794181,594
238,0,0,0,0,0,0,0,0,0,0,0,0,0,0,0,91,0,0,174,0,0,0,0,0,59,0,0,0,0,0,1304.930060033148,324
239,0,116,37,0,0,0,0,0,0,0,136,0,0,0,0,0,49,0,0,0,0,0,0,0,0,0,0,0,0,0,713.3467126457331,338
240,0,0,25,45,0,0,0,0,0,0,0,186,0,0,0,0,0,0,0,0,0,0,0,0,0,0,0,0,0,0,219.16515996581356,256
241,0,0,0,92,135,0,0,0,0,0,0,0,0,0,0,0,152,0,0,0,0,0,0,0,0,0,0,86,0,0,1095.6101610779442,465
242,0,0,0,0,0,0,0,0,0,0,0,0,0,0,185,0,0,0,0,50,134,0,0,0,0,0,0,0,0,45,1066.0949606868844,414
243,0,0,0,0,0,0,0,0,0,0,118,0,0,110,178,0,0,0,0,0,0,0,0,0,0,0,0,0,0,0,185.4033773834377,406
244,0,0,0,0,0,0,0,0,0,86,0,0,0,0,0,0,0,0,0,0,20,0,0,0,0,0,0,0,0,0,144.96707468102804,106
245,0,0,0,0,0,0,0,0,0,0,0,0,0,58,0,0,108,193,0,131,66,0,0,0,0,0,0,0,0,0,1937.934912782851,556
246,0,0,0,0,0,33,0,0,0,0,0,0,0,98,0,0,0,0,196,0,0,0,0,52,172,0,0,0,0,0,1608.6898388475042,551
247,0,0,0,0,0,0,0,0,0,107,0,0,0,0,104,0,0,0,0,0,0,0,0,0,0,0,0,0,30,110,210.91992692547,351
248,0,0,0,0,0,0,0,0,0,0,0,0,122,0,0,0,0,0,0,74,20,0,0,0,0,0,0,0,0,0,748.9578327895629,216
249,0,0,0,0,0,0,0,0,0,0,0,0,0,0,118,0,0,30,0,0,0,0,0,0,0,0,0,0,0,0,84.77009013402093,148
250,155,0,0,0,0,0,0,0,0,0,0,0,0,0,0,0,0,0,0,0,176,0,0,0,0,0,0,0,0,0,940.0837631908146,331
251,28,0,0,0,0,0,0,0,0,0,0,0,0,0,0,0,140,0,0,0,0,0,0,0,0,0,0,0,134,0,759.6546169957705,302
252,0,0,0,0,0,0,0,0,179,0,0,0,0,0,0,0,0,0,0,0,0,89,0,0,0,0,0,0,134,107,1026.8178221453045,509
253,0,0,0,0,0,0,0,0,0,0,0,0,0,0,0,0,0,0,0,43,0,0,155,0,125,0,0,0,0,0,1061.8091438521146,323
254,0,0,175,0,0,0,0,0,86,127,130,0,0,167,0,0,0,0,0,0,0,0,0,102,0,0,0,0,0,0,995.341140899867,787
255,47,0,0,0,142,180,0,0,0,0,0,0,0,0,0,0,157,0,0,0,0,0,0,0,0,0,0,0,0,0,1188.0574528951822,526
256,0,0,0,0,0,0,0,0,0,146,0,0,0,0,0,0,123,0,0,166,0,0,0,0,0,0,0,174,0,0,2293.6833676263645,609
257,98,0,0,146,36,0,0,0,0,0,180,0,0,0,0,194,0,0,0,0,0,0,0,0,0,0,0,129,0,0,903.0347951830682,783
258,0,30,0,0,0,0,137,0,0,0,0,183,0,0,0,0,0,0,0,58,0,0,0,0,0,0,0,0,0,72,878.6003618940207,480
259,0,0,0,0,117,0,0,0,0,0,0,0,0,0,0,0,0,0,0,0,0,0,0,0,96,0,0,0,0,0,195.87934401969494,213
260,0,0,0,134,0,118,0,0,0,0,0,0,0,0,0,0,0,0,0,66,0,0,0,0,0,0,0,0,90,185,1261.1651775664138,593
261,0,0,109,0,178,63,0,0,95,0,0,0,164,0,98,0,0,0,0,0,0,0,0,0,0,0,0,0,0,0,926.0834086504952,707
262,0,0,0,0,0,0,0,0,0,0,0,0,111,0,0,0,0,0,0,89,0,0,0,0,0,0,0,0,0,0,829.7137608470254,200
263,0,0,0,185,0,0,0,0,0,0,0,0,0,0,0,0,0,0,0,0,181,0,0,0,0,0,0,0,0,0,1105.8148844032858,366
264,0,0,0,0,0,0,0,0,0,0,0,0,0,0,0,0,0,0,0,0,101,200,0,0,0,0,0,0,0,0,1118.4710561624827,301
265,0,0,31,0,0,0,0,0,0,0,0,0,0,0,0,0,0,0,0,0,0,54,160,0,0,0,0,0,0,0,879.9376043373841,245
266,0,0,121,0,0,155,0,0,0,0,0,0,0,0,0,0,0,0,0,0,0,0,0,0,0,0,96,0,0,60,1159.1705987335235,432
267,0,0,0,0,0,0,0,112,0,0,0,0,0,0,0,183,0,173,0,0,72,164,0,105,0,0,0,0,0,0,1249.8632817092994,809
268,0,0,0,0,0,0,0,0,0,105,0,143,0,0,0,0,0,169,0,0,0,0,0,0,0,0,65,132,110,0,880.4533716674383,724
269,0,0,0,0,0,62,0,0,0,138,0,0,42,0,0,0,0,0,0,0,0,174,56,0,0,0,0,0,153,0,1250.7625777300289,625
270,0,0,0,0,0,0,0,0,0,0,0,0,0,0,0,0,0,0,0,0,160,0,0,0,0,0,165,0,0,0,1643.081938466512,325
271,0,0,0,0,90,0,0,185,0,0,0,0,0,113,0,61,0,0,0,152,158,0,0,0,0,0,0,0,0,0,2352.1560760989246,759
272,0,0,84,0,0,0,0,0,0,0,0,0,0,0,0,0,94,0,0,0,0,0,0,0,0,0,0,0,0,0,577.0619875620646,178
273,0,0,0,129,68,0,0,0,148,0,0,0,92,0,0,0,0,0,0,0,0,0,0,0,103,0,72,0,0,0,1269.8735871052402,612
274,0,81,0,0,0,0,0,0,0,0,0,0,0,0,0,0,0,0,91,0,0,0,0,0,0,144,0,0,180,0,1293.3378312976602,496
275,0,0,0,0,0,130,0,34,0,0,0,0,0,0,88,0,0,0,0,0,0,124,0,0,0,0,0,0,169,0,941.0159068969863,545
276,0,0,70,0,0,0,0,0,0,0,0,0,0,0,0,0,0,0,123,0,0,0,0,0,0,0,0,0,0,0,1059.3080629282015,193
277,0,0,0,0,0,0,0,0,0,0,0,0,0,0,0,0,128,0,0,0,0,126,0,0,0,164,0,0,0,0,1218.605810549023,418
278,0,0,0,0,0,0,0,0,0,0,0,0,0,0,0,53,0,0,62,0,0,0,0,0,0,0,0,0,0,0,473.26922665287833,115
279,0,0,0,0,0,0,173,0,0,0,0,0,0,0,0,0,177,0,0,0,0,0,0,129,0,0,0,0,0,0,1059.4640064699176,479
280,0,0,0,0,42,0,0,0,0,0,0,0,0,0,0,0,0,0,0,0,0,0,0,0,66,0,0,0,32,85,168.6822482070661,225
281,0,0,0,0,0,0,0,0,0,0,188,0,0,0,48,0,0,0,37,0,0,0,0,0,0,39,33,181,0,0,934.5820579608172,526
282,0,187,0,0,0,0,0,0,0,0,0,0,0,0,0,121,0,0,0,0,0,0,0,0,0,0,0,0,0,0,522.7038373842367,308
283,0,0,0,0,0,0,0,0,0,0,0,0,0,0,145,0,0,77,161,0,0,0,0,0,0,0,0,0,0,144,1329.740887482885,527
284,0,0,0,0,0,0,111,0,42,0,0,0,0,0,0,0,0,0,0,0,0,113,64,0,0,81,0,0,0,0,1036.0991248124158,411
285,0,0,169,0,0,0,0,0,0,0,0,0,0,0,150,0,0,0,0,0,0,0,121,0,0,0,0,0,0,0,939.0965772374321,440
286,0,149,0,0,0,42,0,0,0,0,0,0,0,42,0,0,0,0,0,0,0,163,0,0,28,0,0,0,0,0,1050.6780778338355,424
287,0,82,0,0,0,103,44,0,0,0,0,0,0,0,0,31,168,0,0,0,0,0,0,0,0,0,0,0,0,0,1113.034984669104,428
288,0,0,0,109,0,0,0,0,0,0,0,0,0,0,194,0,0,0,0,0,0,0,0,0,0,0,0,0,0,0,317.13710426157866,303
289,0,0,0,0,0,107,0,0,0,0,30,0,0,0,0,0,0,0,0,0,0,0,0,0,34,0,0,29,0,0,253.0761857512139,200
290,0,0,58,0,0,0,0,0,0,0,0,0,175,0,0,0,0,0,0,0,0,0,0,0,0,0,0,0,0,0,184.79759960127498,233
291,0,0,0,0,0,0,0,0,0,0,0,0,0,0,0,0,0,0,0,0,0,0,109,0,0,91,89,0,0,0,1112.0458353773738,289
292,0,0,0,0,0,0,0,0,0,0,0,0,0,0,0,166,126,0,0,0,0,0,0,0,0,0,0,0,145,0,721.8221976819497,437
293,63,0,0,0,0,0,80,0,0,0,0,0,0,0,0,0,0,0,0,0,0,142,0,112,93,0,0,0,0,172,970.3780903348656,662
294,0,0,0,0,0,0,0,0,0,24,0,138,0,0,0,0,0,0,0,0,0,0,0,0,0,50,0,0,0,199,260.69931330114804,411
295,0,0,0,0,0,0,0,0,0,0,0,0,0,0,0,0,0,0,122,0,143,0,0,0,0,0,0,0,0,0,1442.387540753073,265
296,0,0,0,0,0,0,0,0,0,129,0,0,0,0,0,0,0,0,158,0,0,0,0,0,0,93,0,0,0,0,1366.4421114946324,380
297,0,0,160,0,0,0,0,0,0,0,0,0,0,0,0,0,0,0,0,20,0,0,0,0,84,0,0,0,0,0,601.46651036795,264
298,0,0,0,0,0,0,0,0,0,0,0,0,0,92,0,0,0,0,0,0,0,164,0,0,0,0,0,0,0,0,596.9561947285897,256
299,0,0,0,0,0,0,0,0,0,0,0,0,164,0,0,0,0,0,0,0,0,0,0,0,145,0,0,0,0,0,107.99682689540906,309
300,0,0,0,0,0,0,0,0,0,0,0,0,0,0,0,0,0,0,0,0,0,0,0,124,0,0,169,0,0,0,1147.1543456187605,293
301,0,0,0,0,0,0,125,0,0,127,0,0,0,0,0,0,0,0,0,0,0,0,91,190,0,0,0,0,0,0,790.3196751520437,533
302,0,0,0,0,0,0,0,0,0,66,0,0,0,200,0,0,0,0,0,0,0,0,0,0,0,0,0,126,0,0,244.21217038049383,392
303,0,71,0,0,0,0,0,0,0,0,0,0,0,0,0,0,0,0,0,0,0,0,0,0,101,0,0,0,0,190,344.3317597872946,362
304,0,0,0,0,0,20,0,0,150,0,86,0,0,0,0,0,0,56,0,0,0,0,0,0,0,0,0,48,0,0,588.0106028695856,360
305,0,0,0,0,0,0,0,0,0,0,0,0,0,0,0,0,0,0,0,0,0,0,0,0,97,0,0,0,0,132,129.92133036545184,229
306,0,0,0,0,0,0,0,0,0,0,181,0,0,0,0,0,0,0,0,0,196,0,0,0,0,0,0,0,0,0,912.4186649644902,377
307,0,0,0,0,0,23,0,0,58,73,180,0,0,0,0,0,0,0,52,0,0,0,0,0,39,0,0,0,0,0,764.4848612013152,425
308,0,0,0,166,108,66,169,0,0,0,0,0,0,0,0,0,180,0,0,0,0,179,0,0,0,0,0,0,0,0,2179.489104278408,868
309,0,0,0,0,0,0,0,0,0,0,184,0,0,0,0,140,0,0,0,0,174,0,192,0,0,0,0,23,0,0,1663.6191083321658,713
310,0,0,0,0,0,0,0,0,0,0,0,0,0,0,0,36,0,0,191,0,0,0,0,0,0,64,0,0,0,0,1502.1740356857365,291
311,0,0,0,35,0,0,0,0,0,0,0,0,0,99,0,0,0,0,0,0,0,0,0,0,0,0,57,188,0,0,669.6785180132747,379
312,0,0,0,0,0,0,58,0,0,0,110,0,0,0,0,0,0,0,119,0,0,0,0,0,0,0,0,0,0,192,1120.1542097318375,479
313,0,0,0,0,0,0,0,0,0,0,142,0,0,0,105,0,0,0,0,0,190,0,0,0,0,0,0,96,0,0,1032.0694551314093,533
314,0,0,20,0,0,0,0,0,0,0,0,0,0,0,0,0,0,150,86,0,0,0,0,0,182,0,0,0,0,0,839.0703183410002,438
315,0,102,0,0,0,0,0,0,0,0,0,0,0,194,0,0,0,0,0,0,0,0,0,0,0,0,0,73,0,0,386.43259426075923,369
316,0,0,0,94,0,0,198,0,0,0,126,27,0,0,0,0,0,0,0,0,0,0,0,0,0,0,105,0,0,0,1214.8723097476707,550
317,0,0,108,0,0,0,0,0,0,0,0,0,0,0,0,0,37,0,0,0,0,0,89,0,0,0,0,0,101,0,875.7499116370906,335
318,0,91,0,44,0,0,0,0,191,0,0,0,0,0,0,0,0,0,0,0,0,79,0,0,0,0,194,0,0,0,2290.144315901775,599
319,0,0,0,0,0,0,0,0,0,0,0,0,0,0,0,111,0,111,0,0,0,0,0,0,0,0,0,49,37,0,203.00324511516092,308
320,0,0,0,63,0,0,0,140,0,87,0,44,195,0,0,0,0,0,0,0,0,0,0,0,0,0,0,0,0,0,437.4251058517591,529
321,0,0,0,0,0,0,0,0,0,79,0,59,0,0,0,184,0,0,0,131,0,0,0,0,0,0,0,96,0,0,1421.2450655659497,549
322,0,0,0,0,0,0,0,0,0,0,0,0,0,0,0,0,133,0,0,0,0,131,0,0,0,0,0,0,0,0,1027.2982971872361,264
323,0,156,0,0,0,0,0,162,0,0,0,40,0,0,0,0,0,0,0,0,0,71,0,0,182,0,0,0,0,0,956.7794334827344,611
324,0,0,0,0,0,0,0,0,0,159,0,0,0,0,0,0,114,0,0,0,0,179,0,0,0,0,0,0,0,0,1231.7687063407698,452
325,0,191,0,0,0,0,0,0,0,0,0,0,0,0,0,0,0,0,0,0,0,0,0,0,0,0,74,0,0,0,925.4200649989982,265
326,177,0,0,0,0,0,0,0,0,0,0,0,0,0,0,0,0,0,0,0,48,173,0,0,0,0,173,0,0,0,2155.7046451340343,571
327,30,21,0,0,0,0,0,0,0,0,0,197,0,0,0,188,0,0,0,0,0,150,0,0,99,0,0,0,0,0,840.4213589182319,685
328,0,0,0,0,157,0,40,0,0,0,0,0,0,0,0,0,0,0,42,0,0,0,0,0,0,0,0,0,150,0,743.8929216360258,389
329,0,0,0,0,0,0,0,0,0,0,0,0,0,0,0,0,52,0,0,0,0,0,0,0,0,81,0,0,0,0,321.1905231333217,133
330,0,26,0,0,0,0,0,0,0,0,68,0,0,0,0,35,0,164,0,0,103,0,0,0,0,0,0,0,106,0,708.1103551426129,502
331,0,0,0,0,0,0,0,0,0,0,0,173,94,107,0,0,0,0,0,0,0,0,0,0,0,0,0,0,0,0,84.70818798042302,374
332,0,0,0,0,0,0,0,0,166,0,0,0,163,0,0,0,73,0,172,0,0,0,131,0,0,0,0,0,0,37,2528.016126000551,742
333,0,0,0,0,0,0,82,130,0,0,0,0,0,108,0,0,0,70,0,0,0,0,0,0,0,0,0,0,0,0,322.6468758649799,390
334,0,0,0,0,0,0,0,0,0,0,0,0,0,0,0,0,0,0,0,0,0,0,0,0,84,87,0,47,0,0,241.93373162552638,218
335,0,0,176,179,0,0,0,0,99,0,0,0,0,0,0,0,0,0,0,0,0,30,153,0,0,0,0,0,0,0,1779.1064266749536,637
336,0,0,0,0,0,53,0,0,26,0,128,0,0,0,0,54,0,0,0,0,0,0,0,0,0,0,0,0,0,0,272.71252567290287,261
337,0,0,0,0,0,0,0,0,0,0,199,0,0,0,0,143,0,0,0,0,0,0,0,0,0,0,0,0,0,0,223.56484657756448,342
338,0,48,0,0,0,0,0,0,0,0,0,0,112,92,0,0,0,0,119,0,0,0,0,0,195,0,0,0,0,0,1120.0618274110025,566
339,144,0,187,0,0,0,0,0,0,0,0,0,0,0,0,0,0,0,0,73,0,0,0,0,0,0,0,0,0,0,1325.1950572381043,404
340,0,0,0,0,0,0,0,0,0,0,0,0,0,0,0,0,0,0,0,77,0,0,0,0,0,0,0,82,0,110,855.2884940193607,269
341,0,0,0,0,0,0,0,0,67,0,191,0,0,0,0,0,0,192,0,136,0,0,0,0,180,0,0,50,0,0,1761.4667907566793,816
342,0,0,0,0,0,0,0,0,0,0,0,0,185,0,0,0,0,188,0,0,0,0,0,111,0,0,0,100,161,0,526.965751604065,745
343,0,0,0,0,134,0,0,0,0,0,0,0,0,0,0,28,0,0,0,0,0,131,183,121,0,0,0,187,0,0,1721.13960563621,784
344,0,0,0,0,0,0,0,0,0,0,0,0,0,0,27,0,0,0,0,0,0,0,0,0,0,126,0,188,0,150,534.8566514352101,491
345,0,111,0,0,0,0,0,0,0,0,0,0,0,44,0,0,63,0,0,193,0,0,161,0,0,0,0,0,0,0,2848.070245744523,572
346,0,194,0,0,0,0,0,0,0,0,99,0,0,0,0,0,0,0,0,0,0,0,0,0,0,0,0,0,0,0,579.5569674230572,293
347,0,0,0,0,0,107,0,0,0,0,0,0,0,0,0,0,0,0,0,40,0,0,0,0,0,0,0,0,0,0,531.2145602236427,147
348,0,0,0,0,0,0,0,0,0,0,0,0,56,0,0,0,0,0,0,0,0,0,0,0,0,0,0,0,153,0,190.0484324141188,209
349,0,0,0,0,0,0,0,0,0,0,0,0,0,0,0,0,0,0,0,0,0,26,0,55,0,0,0,0,0,0,133.7498228373626,81
350,0,154,136,0,0,189,0,23,0,0,0,0,0,0,0,0,0,0,152,0,0,0,0,0,0,0,0,0,0,0,2109.9339664556346,654
351,0,0,0,0,0,0,0,0,0,0,0,0,53,0,0,0,0,0,0,124,0,0,0,0,0,0,0,0,0,0,1104.4190979929856,177
352,0,0,0,0,0,0,0,0,0,0,0,0,0,0,0,0,0,0,0,142,124,0,0,0,0,0,0,0,0,0,1723.0029277118567,266
353,0,0,0,0,0,0,0,0,0,0,0,0,0,0,0,0,0,0,0,0,0,0,0,38,0,0,130,0,0,0,822.4987172382469,168
354,0,0,0,0,0,0,168,0,0,0,0,0,0,0,0,0,0,0,0,0,0,0,0,0,0,0,158,0,0,63,1200.3887758834207,389
355,154,0,0,0,74,0,0,0,0,0,0,0,0,0,0,0,50,0,0,0,0,0,0,0,0,0,0,0,0,0,548.2159681715989,278
356,0,0,0,0,0,0,0,116,0,159,0,0,0,0,0,0,0,0,0,0,0,149,0,0,0,0,0,0,0,0,816.8693678018138,424
357,0,0,0,0,0,0,0,0,0,0,0,0,0,0,0,0,0,0,0,0,0,0,125,0,166,0,0,0,0,0,569.4944326481873,291
358,0,0,0,0,0,0,0,0,0,0,0,0,0,0,27,0,0,0,0,0,0,0,0,0,0,0,32,0,0,0,222.22834837524584,59
359,0,0,0,0,0,0,135,173,169,0,0,0,0,0,0,0,0,0,0,0,0,0,0,0,0,0,0,0,0,0,865.4323771276369,477
360,0,72,115,0,0,0,0,0,0,0,0,0,0,0,0,0,0,0,24,0,0,35,0,0,0,0,0,36,0,179,913.4335271420034,461
361,0,0,97,0,0,0,0,0,97,191,0,0,0,0,0,0,52,0,0,0,0,0,0,0,0,0,0,52,0,0,906.7681809927752,489
362,0,146,0,0,0,0,0,0,128,0,0,122,0,0,0,0,96,0,0,0,0,0,136,0,0,0,0,0,0,0,1666.7234329867874,628
363,0,0,0,0,0,0,0,0,0,0,45,0,0,0,65,0,0,0,0,0,0,0,0,0,0,0,0,0,0,0,71.754125685001,110
364,0,0,0,35,0,63,0,0,0,0,0,0,0,0,0,139,0,0,0,0,0,153,0,0,0,127,0,0,0,0,966.8450227495629,517
365,0,0,0,0,123,0,0,0,0,33,0,0,0,0,153,0,0,0,0,0,0,147,0,0,123,0,0,0,0,0,835.8802029304991,579
366,0,0,123,0,0,0,0,0,0,0,0,0,0,0,0,0,0,0,0,0,0,0,0,0,0,53,0,0,0,0,379.0337328031253,176
367,0,0,0,0,0,0,0,156,0,0,185,169,0,126,0,0,0,106,0,0,0,0,0,196,0,0,0,0,0,0,655.4448902938475,938
368,0,0,0,0,0,106,0,0,0,0,0,0,0,0,0,0,0,175,0,0,0,0,0,0,0,35,82,0,0,95,857.6287544228248,493
369,0,0,0,129,0,0,170,0,0,0,157,0,0,0,0,0,0,0,0,0,0,0,0,70,0,166,0,70,0,0,1020.9910659505894,762
370,0,0,168,0,0,0,0,41,0,0,0,0,0,37,0,0,195,0,0,0,0,0,0,0,0,0,191,0,0,0,2408.891601249931,632
371,66,0,0,0,0,0,0,0,28,0,0,0,0,0,0,0,0,0,0,53,176,184,0,0,0,0,0,0,190,0,2243.9691001845126,697
372,0,0,0,0,0,0,0,0,0,0,123,0,0,0,0,0,130,0,0,0,0,0,0,0,0,135,0,0,76,0,944.4046103733032,464
373,0,0,0,0,0,0,0,0,186,0,0,0,0,0,0,0,0,192,179,185,0,0,0,0,0,0,0,30,0,0,3511.555761081501,772
374,0,0,0,0,0,124,0,0,0,0,0,0,0,0,0,0,0,144,0,0,0,0,0,0,0,0,0,21,0,0,299.618023689369,289
375,0,0,0,0,0,0,152,0,0,0,0,0,0,43,0,0,0,47,0,0,81,0,0,0,0,36,0,0,0,0,616.7491790841448,359
376,0,0,0,66,0,0,23,0,0,0,199,29,0,47,0,0,0,0,0,0,140,0,0,0,0,0,0,0,0,0,905.6316866635543,504
377,0,118,0,52,0,0,75,0,0,0,0,0,0,0,0,0,0,0,0,0,0,0,183,0,166,0,0,0,0,0,1317.047717873126,594
378,178,0,0,0,0,0,144,0,0,0,0,0,0,0,0,0,0,0,0,0,129,0,0,0,0,56,0,0,0,0,1063.470839823154,507
379,0,0,0,67,0,0,36,0,0,0,0,0,130,183,0,89,0,0,0,0,0,0,0,0,0,0,0,0,0,0,274.81745061939523,505
380,0,0,180,0,0,0,178,0,0,0,0,0,0,0,0,0,168,46,91,0,120,0,0,0,0,0,0,0,0,0,2484.013991266753,783
381,0,0,0,0,0,0,0,0,0,0,0,0,0,0,89,0,0,134,0,0,26,0,0,0,0,0,0,0,0,0,186.79671683163662,249
382,0,0,0,0,0,0,200,0,0,0,0,0,0,0,0,0,0,0,0,163,0,0,70,0,0,0,0,0,0,0,1970.0932283034672,433
383,119,0,0,0,0,0,0,0,0,0,0,0,0,0,0,0,0,82,0,0,0,0,0,0,0,0,0,0,0,0,222.83011089991246,201
384,0,0,0,107,0,0,0,0,0,0,170,0,0,0,0,0,0,0,0,0,0,0,0,0,0,0,0,0,0,0,373.89635033865153,277
385,0,0,0,0,0,0,0,0,177,0,0,0,0,0,0,0,0,0,0,0,0,0,0,0,44,0,0,0,0,0,474.2640128058605,221
386,124,0,179,0,0,0,0,173,200,0,0,0,0,33,0,0,0,0,0,0,0,199,0,0,0,0,0,0,0,0,2127.4326709880256,908
387,0,152,0,0,0,0,0,0,0,0,26,70,84,0,0,0,0,0,0,0,0,0,0,0,0,0,0,0,0,0,447.5360931214297,332
388,0,0,0,0,0,0,0,0,0,0,0,0,0,0,0,0,0,0,0,0,58,0,0,0,121,0,0,0,0,0,292.9550382103384,179
389,0,0,0,135,0,0,0,0,0,32,0,0,191,0,0,0,0,0,0,0,0,0,66,0,0,122,0,0,0,110,865.3260008320592,656
390,0,0,0,0,0,152,0,0,0,138,0,0,0,0,0,0,105,0,0,0,125,0,95,59,0,0,0,0,0,0,1672.683252328747,674
391,0,0,0,0,0,21,84,0,191,0,0,0,0,0,0,35,0,0,0,0,0,0,0,0,0,0,0,0,0,0,656.1576262468094,331
392,0,0,0,0,0,0,141,0,0,0,0,0,0,0,0,0,0,0,0,0,0,0,0,0,168,0,0,81,0,0,373.96476301034903,390
393,0,0,40,0,0,113,0,0,0,0,0,0,0,0,0,194,0,0,0,0,0,0,134,195,0,0,140,0,0,0,1903.0617554272046,816
394,43,0,0,0,0,0,0,0,107,0,0,36,0,0,0,0,0,0,0,59,0,0,0,191,170,0,0,0,0,0,1161.7406203860833,606
395,0,0,0,0,0,0,0,0,189,0,192,0,63,0,0,0,0,0,0,0,0,0,0,0,110,0,0,0,0,0,726.8599739161788,554
396,0,0,0,0,194,0,0,0,0,0,0,0,0,0,0,0,150,0,0,0,0,0,0,0,0,0,0,0,0,0,862.1984363203189,344
397,0,0,0,0,0,0,0,0,147,0,0,0,123,0,0,0,0,0,0,0,0,0,0,0,0,0,160,0,0,0,1381.4185819256343,430
398,82,0,153,0,0,0,0,0,0,0,0,0,0,0,0,0,0,0,0,0,0,38,0,0,0,0,0,0,0,0,659.9585433680825,273
399,36,0,0,0,0,0,0,0,0,0,0,0,0,0,35,0,28,200,0,0,0,78,0,0,0,0,0,138,0,0,738.5153296007533,515
400,0,0,0,0,0,0,0,0,0,0,0,0,0,184,0,0,0,0,0,0,0,191,0,0,0,0,0,0,0,0,727.5521805827138,375
401,0,0,0,0,0,0,0,0,0,0,0,0,0,0,0,0,0,0,0,0,0,171,0,151,0,0,0,0,0,0,751.4080317815093,322
402,0,0,0,0,0,98,0,0,0,0,0,115,0,0,0,0,0,0,0,0,112,0,0,0,0,0,0,0,0,0,632.4965103289368,325
403,0,0,0,0,0,0,0,0,0,0,95,0,0,79,0,0,0,0,0,0,0,84,0,0,136,0,0,0,0,0,483.7400050081475,394
404,0,0,122,0,0,0,0,0,0,0,0,0,0,0,0,0,0,0,0,0,0,0,0,0,0,0,0,0,56,0,346.7951135863356,178
405,0,0,0,106,0,0,67,0,80,0,0,0,0,0,159,0,0,0,0,97,0,0,0,37,0,0,0,0,0,0,1471.9817372211126,546
406,0,177,0,0,0,0,97,0,0,0,0,0,0,0,0,0,41,0,0,0,0,0,0,0,0,127,0,0,0,0,919.8110491725353,442
407,0,0,0,0,0,43,0,0,0,0,0,0,135,0,0,0,0,32,0,0,0,167,0,0,0,0,98,0,75,0,1395.8816040259835,550
408,0,0,0,0,0,0,80,0,0,0,0,0,0,193,0,88,133,0,0,0,0,0,94,0,0,0,0,0,190,0,1301.2002386056288,778
409,0,0,0,0,123,0,0,58,0,0,115,0,0,0,0,0,0,0,0,0,0,0,0,0,0,0,0,0,0,0,342.0093896854205,296
410,0,0,173,0,0,0,155,0,0,0,0,0,0,0,27,0,0,0,0,91,0,0,0,0,138,0,0,0,0,0,1500.5388820227822,584
411,0,0,0,0,0,0,0,0,0,0,0,0,0,0,0,58,0,70,0,0,0,0,0,0,0,0,0,0,0,0,57.276901038588846,128
412,0,0,0,0,0,32,0,0,0,0,39,0,0,0,85,0,0,0,0,0,66,0,0,0,0,166,0,0,0,0,636.4865096171276,388
413,0,0,0,0,129,0,0,0,199,0,0,116,0,0,0,0,0,0,0,0,93,0,0,0,0,0,0,0,0,0,1090.5821110901047,537
414,0,0,0,0,46,21,0,0,0,0,0,0,0,0,0,0,0,0,0,0,0,0,0,0,0,0,0,0,0,0,97.86180167334862,67
415,39,0,97,0,0,0,0,0,0,179,0,0,0,0,0,197,0,0,0,0,0,0,0,0,0,0,0,0,0,0,512.7742235950001,512
416,0,0,0,0,71,0,0,0,0,0,0,0,98,0,0,0,0,0,148,0,0,0,85,0,0,0,0,0,0,0,1476.6848533376597,402
417,0,0,0,0,0,0,0,0,0,0,0,0,0,0,0,0,0,0,0,0,0,83,0,114,0,0,0,124,0,0,559.6901042230605,321
418,0,185,0,0,0,66,91,0,0,0,0,26,0,0,0,0,85,0,0,0,0,0,0,0,0,0,96,0,0,0,1603.6421739783825,549
419,0,0,0,0,0,0,139,0,0,0,84,0,0,0,0,44,0,0,46,154,0,0,0,0,0,0,191,0,0,0,3121.1777251158974,658
420,0,0,0,0,0,0,0,0,0,0,0,0,0,0,0,0,119,0,0,0,0,0,32,0,0,0,90,0,0,0,1167.5446393086247,241
421,0,0,0,0,0,0,0,88,0,0,25,0,0,42,0,0,0,0,0,0,0,0,0,0,0,0,0,177,0,0,370.3771015164605,332
422,67,0,0,0,0,0,0,0,0,0,0,0,0,0,0,68,0,0,72,0,0,0,0,0,0,0,0,59,0,0,710.7964129357289,266
423,0,0,0,0,0,0,0,0,0,0,95,0,0,0,103,0,0,0,106,177,0,0,0,0,0,0,49,0,0,0,2772.3661500985186,530
424,0,0,0,0,0,0,0,0,0,26,0,177,0,0,0,0,0,139,0,0,0,0,0,0,0,0,0,0,0,0,123.07417703799496,342
425,0,0,0,0,182,0,0,0,0,0,0,0,0,0,0,0,0,0,131,0,0,145,0,0,0,0,0,0,0,0,1696.6217176937034,458
426,0,0,0,181,0,0,0,0,0,0,0,0,0,94,0,114,0,0,0,0,0,42,0,143,105,0,0,0,0,0,775.6106633609526,679
427,0,0,0,0,0,0,0,0,0,0,99,172,0,0,0,0,30,0,0,0,0,176,181,0,0,0,0,0,161,0,1806.5070236472875,819
428,176,0,0,0,121,0,0,0,0,0,0,0,0,0,0,0,0,0,0,0,0,0,0,0,0,0,188,156,0,0,1777.1527801604434,641
429,0,0,0,166,198,0,0,0,0,0,0,26,176,0,0,0,0,0,0,190,88,0,0,0,0,0,0,0,0,0,2652.468775468617,844
430,0,0,0,0,0,0,0,0,170,0,0,0,0,0,0,0,0,0,0,130,0,0,0,0,0,0,0,0,0,0,1596.5332045406576,300
431,0,0,0,0,0,0,0,0,0,0,0,0,0,0,0,0,0,0,0,118,0,0,0,0,0,150,0,0,0,0,1296.8648498142754,268
432,0,0,0,0,0,0,0,0,0,0,168,42,0,0,0,0,0,0,0,0,0,0,156,102,0,74,0,0,0,0,954.6778334543393,542
433,0,0,0,0,0,0,0,0,0,0,0,0,0,0,0,0,67,0,0,0,103,0,0,0,0,50,0,0,180,0,943.5104891578044,400
434,0,0,0,0,0,0,0,0,0,0,0,0,0,0,0,119,0,0,0,0,0,21,0,77,0,0,55,0,91,0,626.3371014728099,363
435,0,0,0,0,0,109,0,0,0,0,0,0,0,0,0,0,0,0,0,0,27,0,0,0,0,0,0,0,0,0,267.5129717704289,136
436,163,0,0,0,0,0,0,141,0,47,0,0,0,0,0,0,0,0,105,0,0,0,0,0,0,0,101,0,0,0,1852.6896846188258,557
437,0,0,0,92,0,0,0,0,0,0,0,46,0,0,0,0,0,0,0,0,0,0,0,0,0,0,0,0,0,0,226.43911036461438,138
438,0,0,125,21,110,0,0,0,0,33,0,0,0,67,122,0,0,0,0,0,0,0,0,0,0,0,0,0,0,0,577.1161674731447,478
439,0,0,0,0,0,0,0,0,0,0,0,53,0,0,0,0,0,0,0,174,59,146,52,0,0,90,0,0,0,0,2661.2771749469944,574
440,0,0,0,0,0,0,0,0,0,0,0,0,0,0,0,0,0,0,0,0,0,0,0,0,61,0,0,176,0,0,264.99212419104407,237
441,0,0,0,0,0,0,0,0,0,56,50,0,0,0,0,0,0,0,0,0,0,0,118,0,0,0,0,0,0,0,536.8303512361099,224
442,0,0,0,0,0,0,122,0,0,0,0,0,0,0,79,0,0,0,0,0,0,0,0,65,0,0,24,132,0,169,671.9737931328326,591
443,23,0,0,37,0,0,0,0,0,0,0,0,0,0,0,0,0,0,0,0,0,0,0,70,0,0,0,0,39,0,217.9924254020315,169
444,0,0,0,0,0,0,0,0,0,167,0,0,0,0,0,0,99,0,0,0,0,0,26,0,0,0,0,0,0,0,639.4544993298821,292
445,0,0,0,0,0,0,0,0,0,0,0,0,154,0,0,0,0,0,0,95,0,0,29,0,0,0,0,0,0,0,999.9055318978101,278
446,0,177,0,0,117,0,177,0,198,107,0,0,0,0,0,0,195,0,0,0,0,0,0,0,0,0,0,0,0,0,2199.1096269283676,971
447,134,191,0,0,0,0,0,0,0,0,0,0,0,101,0,0,0,0,0,0,0,0,0,0,0,0,0,0,0,0,719.7910880711871,426
448,0,0,0,0,0,0,0,0,153,0,0,0,0,0,0,0,0,0,0,0,0,0,125,0,0,55,0,0,0,0,980.1919793781077,333
449,0,0,0,0,0,146,0,94,0,0,0,0,0,0,0,0,0,0,0,0,0,0,0,0,0,0,0,0,0,0,347.51046010400233,240
450,0,0,0,0,0,0,89,0,0,0,0,0,0,0,24,134,0,0,0,0,0,0,0,0,0,0,0,0,0,0,189.6812700830962,247
451,0,0,0,197,0,0,0,0,0,0,0,140,0,0,0,0,0,0,0,98,0,0,29,0,0,0,168,0,0,0,2459.7105231008704,632
452,0,0,0,0,0,0,0,161,0,0,0,0,0,0,0,105,0,0,0,0,0,0,0,0,49,0,0,191,0,185,647.5531111474311,691
453,0,0,111,0,0,144,0,0,0,0,41,0,0,0,0,34,0,0,0,120,0,0,0,0,0,34,0,0,0,0,1662.5159786856077,484
454,193,0,0,0,0,0,0,0,0,28,0,0,55,0,0,0,0,0,0,0,0,0,0,0,0,0,0,0,0,0,368.2141434538858,276
455,0,150,0,0,0,0,0,0,0,175,93,0,0,0,0,0,0,133,0,0,0,0,0,0,0,0,0,0,0,0,643.8717122755427,551
456,0,0,0,0,0,0,95,0,0,0,0,0,0,97,0,0,0,0,0,0,0,0,0,0,0,0,0,0,0,0,145.11245234323394,192
457,158,0,0,0,0,0,0,0,0,0,0,0,176,0,64,0,0,0,0,0,0,0,183,0,0,0,0,0,0,0,1044.5817036694473,581
458,0,109,0,0,27,0,0,0,0,0,0,0,0,0,0,0,0,171,0,0,0,0,0,155,0,0,0,130,0,0,691.3085793462245,592
459,0,0,0,0,0,0,146,0,175,0,0,0,0,0,0,0,0,0,0,0,0,0,0,0,0,0,0,0,0,0,654.2524388842161,321
460,0,0,0,48,170,0,0,0,130,0,0,0,0,179,0,0,0,0,0,0,0,0,0,0,29,0,0,0,110,0,834.7807129453507,666
461,0,146,0,177,0,0,168,0,0,0,0,0,0,0,0,0,0,0,0,0,0,0,20,0,0,0,0,0,0,0,1031.8555643030757,511
462,129,133,0,0,0,0,0,0,0,0,0,0,0,0,0,0,0,0,0,0,0,0,0,0,0,0,0,0,0,0,537.9724475316712,262
463,0,0,0,0,193,0,0,0,0,168,0,0,0,0,0,0,0,0,106,0,0,0,179,0,0,0,0,0,0,0,1820.9458779834258,646
464,0,0,0,65,0,185,0,0,0,0,54,0,0,148,0,0,0,0,0,0,0,0,0,131,0,0,0,0,0,176,713.236805061223,759
465,0,0,0,0,0,0,0,0,0,0,0,0,0,0,178,0,0,0,122,0,130,0,77,0,0,0,101,0,0,0,2369.3007922912916,608
466,0,0,0,0,0,0,21,0,36,0,0,157,0,0,0,0,0,0,0,37,0,0,0,0,0,0,0,0,41,0,539.4951567627713,292
467,154,0,0,0,0,0,0,0,0,0,60,0,0,0,0,0,0,29,0,0,0,0,173,87,0,43,0,0,0,0,1146.8071039292217,546
468,0,0,0,0,0,0,0,0,0,0,0,0,0,0,0,0,0,0,0,0,0,79,0,0,0,0,0,143,0,0,470.8909287613183,222
469,0,0,0,106,0,58,0,0,0,156,0,0,0,0,0,0,0,0,0,0,0,0,0,0,0,0,0,0,0,0,430.95722795685447,320
470,0,0,0,0,0,0,0,0,0,0,135,0,0,0,0,128,0,0,0,0,90,0,175,0,121,0,0,0,32,0,1300.0476303075711,681
471,0,0,0,0,0,0,66,0,0,0,0,0,0,0,0,0,0,0,51,0,0,0,0,0,193,0,0,0,73,180,754.3422975514078,563
472,0,0,0,0,0,0,0,190,0,0,0,0,0,0,0,0,0,34,0,0,0,0,0,0,0,0,0,0,0,195,375.4708978759797,419
473,0,0,0,0,0,0,0,0,0,0,0,0,0,0,0,0,0,0,74,0,0,0,0,0,0,156,0,34,0,0,813.7223940162448,264
474,0,176,0,0,0,0,0,0,0,0,0,0,197,0,0,0,0,0,0,0,0,0,0,71,137,33,0,182,0,0,900.7294381019435,796
475,0,0,0,0,0,0,0,0,0,0,0,32,0,0,0,0,0,0,174,0,0,92,0,0,0,105,50,0,0,22,2073.1914371428566,475
476,0,0,0,0,0,0,0,0,0,0,57,0,0,0,64,100,0,0,0,0,0,0,0,148,0,51,0,0,155,0,505.7995756977794,575
477,0,0,77,0,0,0,0,188,193,0,64,0,0,0,0,0,0,0,0,0,0,0,0,0,0,0,0,0,0,0,1011.8543514427281,522
478,0,0,0,0,0,0,0,28,0,0,0,113,0,0,0,0,0,0,0,0,0,0,0,103,0,0,40,0,0,44,438.7664944148862,328
479,0,0,0,0,0,0,0,0,0,0,0,0,175,0,0,0,0,0,0,0,33,0,0,0,0,0,0,0,0,0,163.13690973102106,208
480,0,0,0,0,0,0,0,37,40,0,0,0,0,0,38,0,0,0,0,0,0,0,0,0,0,0,0,0,0,0,178.71774665184614,115
481,0,0,146,0,0,0,0,0,0,194,153,0,0,0,0,85,0,0,0,0,0,156,128,0,0,0,0,0,0,0,1748.6870448374125,862
482,156,0,0,0,0,39,0,0,0,0,0,111,0,0,0,0,0,0,0,0,0,0,0,0,0,127,0,0,0,0,567.091613723463,433
483,0,0,0,0,0,0,0,48,0,0,0,0,0,0,0,0,0,38,0,0,0,0,0,0,0,0,0,0,0,0,82.56842248655825,86
484,41,0,0,0,0,0,0,0,0,0,0,0,0,0,186,0,0,77,0,0,0,0,0,0,0,0,49,0,0,0,479.8064094258771,353
485,0,0,0,0,0,0,0,0,0,0,0,0,0,0,0,0,0,0,32,0,0,43,0,0,0,0,187,0,0,0,1527.842608808887,262
486,0,0,0,0,0,0,0,0,0,0,0,0,0,191,0,0,0,23,154,0,65,0,0,0,0,0,0,0,28,0,1429.3166013536127,461
487,0,0,0,0,0,38,0,0,0,0,0,0,0,95,0,0,0,0,71,0,0,0,0,0,0,0,194,0,0,139,1840.2065220500344,537
488,0,0,0,0,0,0,0,0,88,0,0,0,0,0,0,0,0,0,119,0,0,109,61,0,128,0,0,0,0,0,1786.6905849954137,505
489,0,0,0,0,0,0,0,0,0,110,0,0,0,0,0,0,0,0,88,0,0,0,0,184,174,0,0,0,106,0,1083.7867344062774,662
490,0,0,0,0,0,0,0,0,0,0,0,0,0,138,0,0,0,0,0,0,0,0,0,0,91,0,0,0,0,0,73.83448110664308,229
491,152,0,0,0,0,0,0,0,0,162,0,0,0,0,0,0,0,0,0,109,0,187,0,140,0,125,0,0,0,0,2335.262665723633,875
492,0,0,22,0,0,0,0,0,0,0,0,0,0,0,0,0,33,0,0,0,0,0,0,0,0,0,0,85,0,0,277.1381266710337,140
493,0,0,0,0,0,0,0,0,0,59,0,0,0,37,0,0,0,0,0,0,0,0,86,0,122,0,0,0,0,0,470.9718482476606,304
494,0,0,0,0,0,0,0,0,0,0,0,134,0,0,0,0,0,0,0,0,186,0,0,0,0,0,198,0,0,0,1975.5146113461972,518
495,0,0,0,54,0,0,0,0,0,0,0,0,0,101,0,0,0,0,200,0,166,0,0,0,44,0,0,0,0,0,2229.341706522386,565
496,0,0,0,0,0,0,0,0,0,0,0,139,91,0,0,0,0,0,0,0,0,0,0,0,0,0,157,0,161,0,1216.8295686286717,548
497,0,0,0,0,0,0,0,0,0,0,0,0,101,0,0,0,0,0,0,0,0,0,0,0,0,0,0,0,77,0,107.0458601283527,178
498,0,0,0,52,0,0,0,0,0,0,0,154,0,150,0,0,0,0,0,0,0,0,0,0,0,0,33,191,65,0,717.2948736401037,645
499,0,138,0,0,0,0,0,0,0,0,0,0,0,0,0,0,199,0,0,0,188,170,152,90,0,0,0,0,0,0,3146.97658282268,937
